predicate,precision,recall,f1,mpr_var,mpr_span,mfr_var,mfr_span
in_front_of,1.0,1.0,0.9999999995,0.12738873341869988,1.0157420113682747,0.4873737968572873,2.0
in_same_lane,1.0,1.0,0.9999999995,0.08725817938858373,1.1133858487010002,0.016493241636020558,0.5148871816433469
keeps_safe_distance_prec,1.0,1.0,0.9999999995,0.10903745801535066,1.0292954314500093,0.480295548368811,2.0
brakes_abruptly,1.0,1.0,0.9999999995,0.00015569328938739815,0.3947773277759552,0.000968736734467117,0.2859523809523828
brakes_abruptly_relative,1.0,1.0,0.9999999995,0.0,0.0,0.0013755136466776403,0.35690476190474213
single_lane,1.0,1.0,0.9999999995,0.05860600728508267,1.071433275938034,0.00047604491299876606,0.15677519042843996
keeps_lane_speed_limit,1.0,1.0,0.9999999995,0.1004744982187548,1.2630764544010162,0.16536103026465834,1.22953888
keeps_type_speed_limit,1.0,1.0,0.9999999995,0.1873409758798922,1.2686375379562378,0.19881815932412797,1.14054688
keeps_brake_speed_limit,1.0,1.0,0.9999999995,0.0,0.0,0.0,0.0
keeps_fov_speed_limit,1.0,1.0,0.9999999995,0.0,0.0,0.0,0.0
keeps_lane_speed_limit_star,1.0,1.0,0.9999999995,0.1301677639627156,1.3320006430149078,0.006896798312248501,0.63950544
preserves_traffic_flow,1.0,1.0,0.9999999995,0.11036099569464748,1.1420712172985077,0.00512530872422664,0.6395054400000001
slow_as_leading_vehicle,1.0,1.0,0.9999999995,0.0008076727550564351,0.8968906123191118,0.00512530872422664,0.6395054400000001
in_standstill,1.0,1.0,0.9999999995,0.0,0.0,0.007105661273403987,0.67319856
drives_faster,1.0,1.0,0.9999999995,0.04167156797361234,1.0408160090446472,0.01095851238891434,0.80928288
drives_with_slightly_higher_speed,1.0,1.0,0.9999999995,0.03289271192686969,1.1032309234142303,0.0043750479594412035,0.47851776
right_of_broad_lane_marking,1.0,1.0,0.9999999995,0.0,0.0,0.0,0.0
left_of_broad_lane_marking,1.0,1.0,0.9999999995,0.0,0.0,0.0,0.0
on_access_ramp,1.0,1.0,0.9999999995,0.0,0.0,0.0,0.0
on_main_carriage_way,1.0,1.0,0.9999999995,0.009959901074885898,0.7315558195114136,0.0007489316268917802,0.23537825393754022
makes_u_turn,1.0,1.0,0.9999999995,0.0,0.0,2.7169938833217615e-06,0.013112028875775339
reverses,1.0,1.0,0.9999999995,0.0,0.0,0.00710566127340398,0.67319856
interstate_broad_enough,1.0,1.0,0.9999999995,0.0,0.0,0.0062976561338279,0.31599999999999995
on_shoulder,1.0,1.0,0.9999999995,0.002118341302111421,0.8090530633926392,0.008083677710761468,1.020808843416479
in_leftmost_lane,1.0,1.0,0.9999999995,0.07945985185440983,0.9771869443356991,0.02123730782447656,0.5154662857136907
in_rightmost_lane,1.0,1.0,0.9999999995,0.09658446320892759,0.9721758626401424,0.02133612632061815,0.5786257350802624
main_carriageway_right_lane,1.0,1.0,0.9999999995,0.0940240620074248,0.9572957213968039,0.02133612632061815,0.5786257350802624
velocity_below_2,1.0,1.0,0.9999999995,0.0,0.0,0.007105661273403984,0.6731985599999999
velocity_below_5,1.0,1.0,0.9999999995,0.0,0.0,0.007105661273403986,0.67319856
velocity_below_15,1.0,1.0,0.9999999995,5.458433958578724e-08,0.0020681023597717285,0.007105661273403985,0.67319856
velocity_below_20,1.0,1.0,0.9999999995,0.007277756507302314,1.9171682596206665,0.007105661273403982,0.67319856
has_congestion_velocity,1.0,1.0,0.9999999995,2.6175412072007015e-09,0.0001665353775024414,0.007105661273403984,0.67319856
has_slow_moving_velocity,1.0,1.0,0.9999999995,0.00029513478881923363,0.3845297396183014,0.007105661273403985,0.67319856
has_queue_velocity,1.0,1.0,0.9999999995,0.002708324942755055,0.9035134017467499,0.007105661273403984,0.6731985600000001
close_to_left_bound,1.0,1.0,0.9999999995,0.0037560426906264014,0.5805350542068481,0.00035919294199410835,0.10434267401555584
close_to_right_bound,1.0,1.0,0.9999999995,0.015258211373332616,0.7940614074468613,0.00041301387232786576,0.10501981943984749
lat_left_of,0.9980506822612124,1.0,0.9990243897439047,0.08340593908326455,1.0282209515571594,0.0446635715988556,0.935
heading_right,0.9521178637201618,1.0,0.9754716976135546,0.02819410833367942,1.0116442842409015,4.032402990956164e-06,0.02565109995641994
lat_left_of_vehicle,1.0,1.0,0.9999999995,0.0798131470129697,1.0640421509742737,0.04471027233635003,0.9395880069080937
rear_behind_front,1.0,1.0,0.9999999995,0.14235141782232244,1.0336523652076721,0.4909376821364566,2.0
lat_close_to_vehicle_left,1.0,1.0,0.9999999995,0.02356219226500167,1.4589701294898987,0.01779311718877439,0.6030675883390686
lat_close_to_vehicle_right,1.0,1.0,0.9999999995,0.044972743175460926,1.536803662776947,0.016888903811908752,0.555729257652046
slow_leading_vehicle,1.0,1.0,0.9999999995,0.0028279774550307745,1.0400591865181923,0.14427363576621804,1.173088
exist_standing_leading_vehicle,1.0,1.0,0.9999999995,0.0,0.0,0.07691865015106666,0.94384
in_congestion,1.0,1.0,0.9999999995,0.0,0.0,0.008855277113524903,0.983728
in_slow_moving_traffic,1.0,1.0,0.9999999995,0.0009313148559442556,0.9655294418334961,0.010507943817129078,1.005904
in_queue_of_vehicles,1.0,1.0,0.9999999995,0.001773618470682502,0.8966240733861923,0.014501495646038686,1.092509357827985
precedes,1.0,1.0,0.9999999995,0.06784868663599598,1.0008506774902344,0.14127064371361975,1.18571428726049
drives_leftmost,0.6081081081134039,1.0,0.7563025205421933,0.002194780836512817,0.5561081171035767,0.00035919294199410835,0.10434267401555584
drives_rightmost,0.6979166666698133,1.0,0.8220858890885618,0.010211239053992665,1.0021774619817734,0.0004102615319934177,0.10501981943984749
cut_in,1.0,1.0,0.9999999995,0.002101149381782547,0.36513814330101013,0.005721848474346716,0.3411071766797521
left_of,1.0,1.0,0.9999999995,0.01687860164374753,1.6242496967315674,0.10680910942917626,1.034097518087452
